Address,Price,Link
"2225 South Beverly Glen Boulevard, 2225 S Beverly Glen Blvd APT 209, Los Angeles, CA 90064","$2,998/mo",https://www.zillow.com/b/2225-south-beverly-glen-boulevard-los-angeles-ca-5XxhrG/
"Allure at Camarillo | 390 Paseo Camarillo, Camarillo, CA","$2,603",https://www.zillow.com/b/allure-at-camarillo-camarillo-ca-5XkJ5b/
"Santa Fe Village | 3700 S Santa Fe Village Dr, Santa Ana, CA","$2,395",https://www.zillow.com/b/santa-fe-village-santa-ana-ca-5XkJZL/
"The Aspens South Coast | 1601 W Macarthur Blvd, Santa Ana, CA","$2,095",https://www.zillow.com/b/the-aspens-south-coast-santa-ana-ca-5Xk5ST/
"The Social, 1445 W 3rd St, Chico, CA 95928","$1,350",https://www.zillow.com/b/the-social-chico-ca-5Z3h8y/
"Parador Town Homes | 310 N Amedeo Ln, Clovis, CA","$2,336",https://www.zillow.com/b/parador-town-homes-clovis-ca-9VD7bv/
"Oak View Apartments | 4700 W Caldwell Ave, Visalia, CA","$1,405",https://www.zillow.com/b/oak-view-apartments-visalia-ca-5XjWBS/
"4200 Harbor Blvd | 4200 S Harbor Blvd, Oxnard, CA","$2,498",https://www.zillow.com/b/4200-harbor-blvd-oxnard-ca-95xJjJ/
"The Aspens Fairhaven | 1201 Fairhaven Ave, Santa Ana, CA","$2,095",https://www.zillow.com/b/the-aspens-fairhaven-santa-ana-ca-5XjLWc/
"Walnut Ridge Management | 3610 S Nogales St, West Covina, CA","$2,652",https://www.zillow.com/b/walnut-ridge-management-west-covina-ca-5XjTCB/
"960 N. Alfred - fully renovated unit in Los Angeles | 960 N Alfred St, West Hollywood, CA","$2,698",https://www.zillow.com/b/960-alfred-st.-los-angeles-ca-5gjh2d/
"San Regis Apartments | 15454 Sherman Way, Van Nuys, CA","$1,951",https://www.zillow.com/b/san-regis-apartments-van-nuys-ca-5XjNYC/
"951 S. Oxford Ave. | 951 S Oxford Ave, Los Angeles, CA","$1,898",https://www.zillow.com/b/951-s.-oxford-ave.-los-angeles-ca-5XjS37/
"Cyrene at Meadowlands - Single Family Homes for Rent | 1120 C St, Lincoln, CA","$2,825",https://www.zillow.com/b/cyrene-at-meadowlands-single-family-homes-for-rent-lincoln-ca-CJWFk7/
"Metro East | 2222 E 1st St, Santa Ana, CA","$1,479",https://www.zillow.com/b/metro-east-santa-ana-ca-9V8gfX/
"South Shore Apartments, 934 Shorepoint Ct #B224, Alameda, CA 94501","$2,718/mo",https://www.zillow.com/b/south-shore-apartments-alameda-ca-BPBNXy/
"Millworks, 900 Reichert Ave UNIT 508, Novato, CA 94945","$2,850/mo",https://www.zillow.com/b/millworks-novato-ca-5XjKMC/
"LeSarra | 2230 Valley View Pkwy, El Dorado Hills, CA","$2,350",https://www.zillow.com/b/lesarra-el-dorado-hills-ca-5XrLK9/
"Santa Rosa Oaks, 1521 Range Ave, Santa Rosa, CA 95401","$2,500",https://www.zillow.com/homedetails/1521-Range-Ave-541090B7A-Santa-Rosa-CA-95401/2060227301_zpid/
"Cornerstone Apartments, 11 Atlantic Cir #71206, Pittsburg, CA 94565","$1,928/mo",https://www.zillow.com/b/cornerstone-apartments-pittsburg-ca-5hFZNf/
"Hanover Walnut Creek, 3050 Del Hombre Lane Tarn #267, Walnut Creek, CA 94597","$2,765/mo",https://www.zillow.com/b/hanover-walnut-creek-walnut-creek-ca-9NTFxk/
"Hanover Walnut Creek, 3050 Del Hombre Lane Tarn #224, Walnut Creek, CA 94597","$2,778/mo",https://www.zillow.com/b/hanover-walnut-creek-walnut-creek-ca-9NTFxk/
"Hanover Walnut Creek, 3050 Del Hombre Lane Tarn #210, Walnut Creek, CA 94597","$2,778/mo",https://www.zillow.com/b/hanover-walnut-creek-walnut-creek-ca-9NTFxk/
"Heritage Landing Apartments | 4200 Nord Hwy, Chico, CA","$1,525",https://www.zillow.com/b/heritage-landing-apartments-chico-ca-BqpGZj/
"Olive Encino | 5501 Newcastle Ave, Encino, CA","$2,395",https://www.zillow.com/b/olive-encino-encino-ca-5XjR3w/
"The Pines at Ponderosa | 1667 Picetti Way, Fernley, NV","$2,299",https://www.zillow.com/b/the-pines-at-ponderosa-fernley-nv-9MHqJw/
"Vespr | 312 24th St, Oakland, CA","$2,281",https://www.zillow.com/b/vespr-oakland-ca-C4MNc7/
"The Element Apartments | 825 Delucchi Ln, Reno, NV","$1,334",https://www.zillow.com/b/the-element-apartments-reno-nv-5Xk3PT/
"Grandview Apartments, 750 Warfield Ave, Oakland, CA 94610","$2,095",https://www.zillow.com/b/grandview-apartments-oakland-ca-5j3qXL/
"The Verge | 8000 Offenhauser Dr, Reno, NV","$1,482",https://www.zillow.com/b/the-verge-reno-nv-5Xt4yn/
"Lakeridge | 6155 Plumas St, Reno, NV","$1,557",https://www.zillow.com/b/lakeridge-reno-nv-5XjRp3/
"Torrey Pines Apartment Homes, 851 S Sunset Ave APT 92, West Covina, CA 91790","$2,805/mo",https://www.zillow.com/b/torrey-pines-apartment-homes-west-covina-ca-5XkKLH/
"Apex at Sky Valley | 1555 Sky Valley Dr, Reno, NV","$1,409",https://www.zillow.com/b/apex-at-sky-valley-reno-nv-5XjSLc/
"3rd Street Flats, 303 3rd St #702, Reno, NV 89501","$1,650/mo",https://www.zillow.com/b/3rd-street-flats-reno-nv-BJfyZq/
"Hanover Walnut Creek | 3050 Del Hombre Lane Tarn, Walnut Creek, CA","$2,765",https://www.zillow.com/b/hanover-walnut-creek-walnut-creek-ca-9NTFxk/
"The Venue at Orange | 1600 Orange Ave, Redlands, CA","$2,300",https://www.zillow.com/b/the-venue-at-orange-redlands-ca-9MvFVm/
"The Lodge at McCarran Ranch Apartment Homes | 800 Redfield Pkwy, Reno, NV","$1,459",https://www.zillow.com/b/the-lodge-at-mccarran-ranch-apartment-homes-reno-nv-5XkHJf/
"Alivia Apartments, 11201 Carmenita Rd #5-208, Whittier, CA 90605","$2,870/mo",https://www.zillow.com/b/alivia-apartments-whittier-ca-BwXXhk/
"Woodchase Apartment Homes | 2795 San Leandro Blvd, San Leandro, CA","$2,265",https://www.zillow.com/b/woodchase-apartment-homes-san-leandro-ca-5XjNkR/
"Villas at North Village | 300 Crescent Dr, Vacaville, CA","$2,140",https://www.zillow.com/b/villas-at-north-village-vacaville-ca-9nMBTF/
"The Reed | 1679 Reed St, Denver, CO","$1,550",https://www.zillow.com/b/the-reed-lakewood-co-9LdrS8/
"Millworks, 900 Reichert Ave UNIT 508, Novato, CA 94945","$2,850/mo",https://www.zillow.com/b/millworks-novato-ca-5XjKMC/
"Two Mile - Liberty Military Housing, 5901 Desert Knoll Ave, Twentynine Palms, CA 92277","$1,974",https://www.zillow.com/b/two-mile-liberty-military-housing-twentynine-palms-ca-CH7Frv/
"LeSarra | 2230 Valley View Pkwy, El Dorado Hills, CA","$2,350",https://www.zillow.com/b/lesarra-el-dorado-hills-ca-5XrLK9/
"The Springs at Coyote Ridge | 212-1720 57ce2c35a, Heber City, UT","$2,809","https://www.zillow.com/b/The-Springs-at-Coyote-Ridge-Heber-City-UT/40.50704,-111.413185_ll/"
"Santa Rosa Oaks, 1521 Range Ave, Santa Rosa, CA 95401","$2,500",https://www.zillow.com/homedetails/1521-Range-Ave-541090B7A-Santa-Rosa-CA-95401/2060227301_zpid/
"ICO Monteval | 355 W 920 N, Orem, UT","$1,309",https://www.zillow.com/b/ico-monteval-orem-ut-5ZbPV3/
"Altair at Riverwalk, 1575 Riverwalk Dr #F-F301, Ogden, UT 84401","$1,887/mo",https://www.zillow.com/b/altair-at-riverwalk-ogden-ut-BymJkz/
"Altair at Riverwalk | 1575 Riverwalk Dr, Ogden, UT","$1,540",https://www.zillow.com/b/altair-at-riverwalk-ogden-ut-BymJkz/
"Adobe Flats V - Liberty Military Housing | 8303D Maumee Rd, Twentynine Palms, CA","$1,974",https://www.zillow.com/b/adobe-flats-v-liberty-military-housing-twentynine-palms-ca-CFfnFf/
"Cornerstone Apartments, 11 Atlantic Cir #71206, Pittsburg, CA 94565","$1,928/mo",https://www.zillow.com/b/cornerstone-apartments-pittsburg-ca-5hFZNf/
"Cove at Pleasant View Town Homes, 255 W 2700 N, Ogden, UT 84414","$2,009",https://www.zillow.com/b/cove-at-pleasant-view-town-homes-pleasant-view-ut-5jDMfR/
"Hanover Walnut Creek, 3050 Del Hombre Lane Tarn #267, Walnut Creek, CA 94597","$2,765/mo",https://www.zillow.com/b/hanover-walnut-creek-walnut-creek-ca-9NTFxk/
"Hanover Walnut Creek, 3050 Del Hombre Lane Tarn #224, Walnut Creek, CA 94597","$2,778/mo",https://www.zillow.com/b/hanover-walnut-creek-walnut-creek-ca-9NTFxk/
"Hanover Walnut Creek, 3050 Del Hombre Lane Tarn #210, Walnut Creek, CA 94597","$2,778/mo",https://www.zillow.com/b/hanover-walnut-creek-walnut-creek-ca-9NTFxk/
"Heritage Landing Apartments | 4200 Nord Hwy, Chico, CA","$1,525",https://www.zillow.com/b/heritage-landing-apartments-chico-ca-BqpGZj/
"Olive Encino | 5501 Newcastle Ave, Encino, CA","$2,395",https://www.zillow.com/b/olive-encino-encino-ca-5XjR3w/
"The Pines at Ponderosa | 1667 Picetti Way, Fernley, NV","$2,299",https://www.zillow.com/b/the-pines-at-ponderosa-fernley-nv-9MHqJw/
"Vespr | 312 24th St, Oakland, CA","$2,281",https://www.zillow.com/b/vespr-oakland-ca-C4MNc7/
"Rockwell Ranch Townhome Community, 1058 W 360 S, American Fork, UT 84003","$1,995",https://www.zillow.com/b/rockwell-ranch-townhome-community-american-fork-ut-BvHtDY/
"ICO Mayfield | 2275 W 250 S, Pleasant Grove, UT","$1,379",https://www.zillow.com/b/ico-mayfield-pleasant-grove-ut-65ZxVS/
"ICO Mayfield, 2275 W 250 S #B224, Pleasant Grove, UT 84062","$1,639/mo",https://www.zillow.com/b/ico-mayfield-pleasant-grove-ut-65ZxVS/
"The Element Apartments | 825 Delucchi Ln, Reno, NV","$1,334",https://www.zillow.com/b/the-element-apartments-reno-nv-5Xk3PT/
"Grandview Apartments, 750 Warfield Ave, Oakland, CA 94610","$2,095",https://www.zillow.com/b/grandview-apartments-oakland-ca-5j3qXL/
"The Verge | 8000 Offenhauser Dr, Reno, NV","$1,482",https://www.zillow.com/b/the-verge-reno-nv-5Xt4yn/
"Haven Cove Townhomes | 1630 W 2000 S, Ogden, UT","$1,740",https://www.zillow.com/b/haven-cove-townhomes-west-haven-ut-BsVGNH/
"Aura Colliers Hill | 1300 Colliers Pkwy, Erie, CO","$1,830",https://www.zillow.com/b/aura-colliers-hill-erie-co-C66xwt/
"Lakeridge | 6155 Plumas St, Reno, NV","$1,557",https://www.zillow.com/b/lakeridge-reno-nv-5XjRp3/
"Jordan View Towns, 1532 N Rosa Ln #B84A45081, Saratoga Springs, UT 84045","$1,820/mo",https://www.zillow.com/b/jordan-view-towns-saratoga-springs-ut-BMd4xx/
"Jordan View Towns, 1532 N Rosa Ln #Q4MCJ40SP, Saratoga Springs, UT 84045","$2,199/mo",https://www.zillow.com/b/jordan-view-towns-saratoga-springs-ut-BMd4xx/
"Torrey Pines Apartment Homes, 851 S Sunset Ave APT 92, West Covina, CA 91790","$2,805/mo",https://www.zillow.com/b/torrey-pines-apartment-homes-west-covina-ca-5XkKLH/
"Apex at Sky Valley | 1555 Sky Valley Dr, Reno, NV","$1,409",https://www.zillow.com/b/apex-at-sky-valley-reno-nv-5XjSLc/
"Greyhawk Townhomes | 3310 N 1750 E, Layton, UT","$2,120",https://www.zillow.com/b/greyhawk-townhomes-layton-ut-B64rtH/
"3rd Street Flats, 303 3rd St #702, Reno, NV 89501","$1,650/mo",https://www.zillow.com/b/3rd-street-flats-reno-nv-BJfyZq/
"Logan Park, 966 S Logan St #205, Denver, CO 80209","$1,475/mo",https://www.zillow.com/b/logan-park-denver-co-5ZjKrJ/
"Hanover Walnut Creek | 3050 Del Hombre Lane Tarn, Walnut Creek, CA","$2,765",https://www.zillow.com/b/hanover-walnut-creek-walnut-creek-ca-9NTFxk/
"Meadows at American Fork | 751 W 200th St S, American Fork, UT","$1,579",https://www.zillow.com/b/meadows-at-american-fork-american-fork-ut-BqqYLQ/
"Compass Meridian | 9035 Storm Peak, Englewood, CO","$1,765",https://www.zillow.com/b/compass-meridian-englewood-co-CHwk74/
"AMLI Dry Creek | 7471 S Clinton St, Englewood, CO","$1,926",https://www.zillow.com/b/amli-dry-creek-englewood-co-9T9rk4/
"NOVEL White Fence Farm by Crescent Communities, 6273 W Jewell Ave #231, Denver, CO 80232","$2,057/mo",https://www.zillow.com/b/novel-white-fence-farm-by-crescent-communities-lakewood-co-CHHsWN/
"Summit at Layton | 275 S Fort Ln, Layton, UT","$1,810",https://www.zillow.com/b/summit-at-layton-layton-ut-63f4Ft/
"Porter Ranch Townhomes | 3931 E Cardon Ln, Eagle Mountain, UT","$1,924",https://www.zillow.com/b/porter-ranch-townhomes-eagle-mountain-ut-BLZtS5/
"Ascent at Autumn Glen | 5490 S 3910 W, Salt Lake City, UT","$1,400",https://www.zillow.com/b/ascent-at-autumn-glen-taylorsville-ut-5XhymG/
"The Venue at Orange | 1600 Orange Ave, Redlands, CA","$2,300",https://www.zillow.com/b/the-venue-at-orange-redlands-ca-9MvFVm/
"The Lodge at McCarran Ranch Apartment Homes | 800 Redfield Pkwy, Reno, NV","$1,459",https://www.zillow.com/b/the-lodge-at-mccarran-ranch-apartment-homes-reno-nv-5XkHJf/
"The Prescott at Park West - New Construction | 8102 N 99th Ave, Peoria, AZ","$2,240",https://www.zillow.com/b/the-prescott-at-park-west-new-construction-peoria-az-9ThGDG/
"MAA City Gate | 5332 E Baseline Rd, Mesa, AZ","$1,493",https://www.zillow.com/b/maa-city-gate-mesa-az-5XhyP3/
"Legacy at Fitz | 1363 N Victor St, Aurora, CO","$1,559",https://www.zillow.com/b/legacy-at-fitz-aurora-co-BjZzkx/
"Vive | 1901 W Germann Rd, Chandler, AZ","$1,777",https://www.zillow.com/b/vive-chandler-az-5ZTW8p/
"Star Crest Ranch | 680 S Calhoun Pl, Star, ID","$1,540",https://www.zillow.com/b/star-crest-ranch-star-id-BGyZpN/
"Alivia Apartments, 11201 Carmenita Rd #5-208, Whittier, CA 90605","$2,870/mo",https://www.zillow.com/b/alivia-apartments-whittier-ca-BwXXhk/
"The Preserve by Picerne | 2655 E Deer Springs Way, North Las Vegas, NV","$1,419",https://www.zillow.com/b/the-preserve-by-picerne-north-las-vegas-nv-5XjR8R/
"Rise Desert Cove | 2015 W Cactus Rd, Phoenix, AZ","$1,400",https://www.zillow.com/b/rise-desert-cove-phoenix-az-5XsMXg/
"Woodchase Apartment Homes | 2795 San Leandro Blvd, San Leandro, CA","$2,265",https://www.zillow.com/b/woodchase-apartment-homes-san-leandro-ca-5XjNkR/
"Villas at North Village | 300 Crescent Dr, Vacaville, CA","$2,140",https://www.zillow.com/b/villas-at-north-village-vacaville-ca-9nMBTF/
"Rafael Town Center Apartments, 1050 Court St APT 318, San Rafael, CA 94901","$2,795/mo",https://www.zillow.com/b/rafael-town-center-apartments-san-rafael-ca-5Xk5sR/
"Hidden Cove | 2075 N Main St, Layton, UT","$1,395",https://www.zillow.com/b/hidden-cove-layton-ut-5XhytV/
"The Devon at University Place | 875 So, Orem, UT","$1,389",https://www.zillow.com/b/the-devon-at-university-place-orem-ut-BzYWKH/
"Olympus at Daybreak | 4950 W Frogs Leap Dr, South Jordan, UT","$1,412",https://www.zillow.com/b/olympus-at-daybreak-south-jordan-ut-5Xhywf/
"Olympus at Daybreak | 4950 W Frogs Leap Dr, South Jordan, UT","$1,375",https://www.zillow.com/b/olympus-at-daybreak-south-jordan-ut-5Xhywf/
"Gladstone Place | 6053 W 7940 S, West Jordan, UT","$2,100",https://www.zillow.com/b/gladstone-place-west-jordan-ut-Bd6GHf/
"The Austin Townhomes | 604 Park Presidio Way, Draper, UT","$2,395",https://www.zillow.com/b/the-austin-townhomes-draper-ut-C8YWbG/
"Silverwood Estates, 1 Ilahee Ln, Chico, CA 95973","$1,575",https://www.zillow.com/b/silverwood-estates-chico-ca-5Xkbfc/
"The 240 Apartments | 188 S Umbria Hills Way, Meridian, ID","$1,550",https://www.zillow.com/b/the-240-apartments-meridian-id-BcVqxr/
"Tahquitz Court | 2890 E Tahquitz Canyon Way, Palm Springs, CA","$1,800",https://www.zillow.com/b/tahquitz-court-palm-springs-ca-5Y2bNK/
"Amazon Falls Townhomes | 7850 W Amazon Dr, Eagle, ID","$1,550",https://www.zillow.com/b/amazon-falls-townhomes-eagle-id-Bz2FGN/
"Lincoln Landing | BRAND-NEW LUXURY APARTMENTS | 22335 Foothill Blvd, Hayward, CA","$2,830",https://www.zillow.com/b/lincoln-landing-%7c-brand-new-luxury-apartments-hayward-ca-C6Cz74/
"Las Casas at Windrose | 18943 W Pasadena Ave, Litchfield Park, AZ","$2,134",https://www.zillow.com/b/las-casas-at-windrose-litchfield-park-az-BszKLW/
"Creekview Homes | 1145 W 9th St, Chico, CA","$1,650",https://www.zillow.com/b/creekview-homes-chico-ca-5Xkb93/
"San Marco Villas | 2000 Villa Dr, Pittsburg, CA","$2,184",https://www.zillow.com/b/san-marco-villas-pittsburg-ca-5gKnM2/
"Homecoming at The Preserve | 16250 Homecoming Dr, Chino, CA","$2,555",https://www.zillow.com/b/homecoming-at-the-preserve-chino-ca-5fvKJF/
"Cuvee Apartments | 7200 N 91st Ave, Glendale, AZ","$1,575",https://www.zillow.com/b/cuvee-apartments-glendale-az-C5fpnN/
"Acequia Lofts | 2725 Agua Fria St, Santa Fe, NM","$1,740",https://www.zillow.com/b/acequia-lofts-santa-fe-nm-9M95hP/
"The Range at Reunion | 15068 E 103rd Pl, Commerce City, CO","$1,645",https://www.zillow.com/b/the-range-at-reunion-commerce-city-co-C54m4K/
"Bella Encanta Luxury Rental Homes | 9745 E Hampton Ave, Mesa, AZ","$2,545",https://www.zillow.com/b/bella-encanta-luxury-rental-homes-mesa-az-C6fTgw/
"SPRING VILLAS APARTMENTS | 431 Spring Villas Dr, Sparks, NV","$1,705",https://www.zillow.com/b/spring-villas-apartments-sparks-nv-5XjNFR/
"Seven Skies | BRAND-NEW LUXURY APARTMENTS | 168 E Midvillage Blvd, Sandy, UT","$1,383",https://www.zillow.com/b/seven-skies-%7c-brand-new-luxury-apartments-sandy-ut-C8YVYj/
"Seven Skies | BRAND-NEW LUXURY APARTMENTS, 168 E Midvillage Blvd #3-108, Sandy, UT 84070","$1,626/mo",https://www.zillow.com/b/seven-skies-%7c-brand-new-luxury-apartments-sandy-ut-C8YVYj/
"The Paramount by Picerne | 8610 S Maryland Pkwy, Las Vegas, NV","$1,484",https://www.zillow.com/b/the-paramount-by-picerne-las-vegas-nv-5Xhwpb/
"The Prospector Modern Apartments | 3360 Esker Cir, Castle Rock, CO","$1,780",https://www.zillow.com/b/the-prospector-modern-apartments-castle-rock-co-C5XLRQ/
"Crestview Ridge at Highland | 9712 Benton Ln, American Fork, UT","$2,525",https://www.zillow.com/b/crestview-ridge-at-highland-highland-ut-C4PQ8r/
"Homecoming At The Resort, 9350 The Resort Pkwy #5132, Rancho Cucamonga, CA 91730","$2,784/mo",https://www.zillow.com/b/homecoming-at-the-resort-rancho-cucamonga-ca-C594wv/
"1 bed, 644 sqft, $1,500, 702 W Belleview Ave #10909647, Littleton, CO 80120","$1,500/mo","https://www.zillow.com/b/1-bed,-644-sqft,-%241,500-littleton-co-C3sMf9/"
"MAA Fountainhead | 2520 S Plaza Dr, Tempe, AZ","$1,558",https://www.zillow.com/b/maa-fountainhead-tempe-az-63dzWP/
"NOVEL White Fence Farm by Crescent Communities | 6273 W Jewell Ave, Denver, CO","$1,740",https://www.zillow.com/b/novel-white-fence-farm-by-crescent-communities-lakewood-co-CHHsWN/
"NOVEL White Fence Farm by Crescent Communities, 6273 W Jewell Ave #237, Denver, CO 80232","$2,839/mo",https://www.zillow.com/b/novel-white-fence-farm-by-crescent-communities-lakewood-co-CHHsWN/
"NOVEL White Fence Farm by Crescent Communities, 6273 W Jewell Ave #203, Denver, CO 80232","$2,150/mo",https://www.zillow.com/b/novel-white-fence-farm-by-crescent-communities-lakewood-co-CHHsWN/
"NOVEL White Fence Farm by Crescent Communities, 6273 W Jewell Ave #330, Denver, CO 80232","$2,137/mo",https://www.zillow.com/b/novel-white-fence-farm-by-crescent-communities-lakewood-co-CHHsWN/
"NOVEL White Fence Farm by Crescent Communities, 6273 W Jewell Ave #306, Denver, CO 80232","$2,160/mo",https://www.zillow.com/b/novel-white-fence-farm-by-crescent-communities-lakewood-co-CHHsWN/
"NOVEL White Fence Farm by Crescent Communities, 6273 W Jewell Ave #238, Denver, CO 80232","$2,425/mo",https://www.zillow.com/b/novel-white-fence-farm-by-crescent-communities-lakewood-co-CHHsWN/
"NOVEL White Fence Farm by Crescent Communities, 6273 W Jewell Ave #347, Denver, CO 80232","$2,784/mo",https://www.zillow.com/b/novel-white-fence-farm-by-crescent-communities-lakewood-co-CHHsWN/
"NOVEL White Fence Farm by Crescent Communities, 6273 W Jewell Ave #405, Denver, CO 80232","$2,195/mo",https://www.zillow.com/b/novel-white-fence-farm-by-crescent-communities-lakewood-co-CHHsWN/
"NOVEL White Fence Farm by Crescent Communities, 6273 W Jewell Ave #248, Denver, CO 80232","$2,804/mo",https://www.zillow.com/b/novel-white-fence-farm-by-crescent-communities-lakewood-co-CHHsWN/
"NOVEL White Fence Farm by Crescent Communities, 6273 W Jewell Ave #109, Denver, CO 80232","$2,187/mo",https://www.zillow.com/b/novel-white-fence-farm-by-crescent-communities-lakewood-co-CHHsWN/
"NOVEL White Fence Farm by Crescent Communities, 6273 W Jewell Ave #139, Denver, CO 80232","$2,470/mo",https://www.zillow.com/b/novel-white-fence-farm-by-crescent-communities-lakewood-co-CHHsWN/
"NOVEL White Fence Farm by Crescent Communities, 6273 W Jewell Ave #138, Denver, CO 80232","$2,555/mo",https://www.zillow.com/b/novel-white-fence-farm-by-crescent-communities-lakewood-co-CHHsWN/
"Woodsprings Suites Littleton Denver South | 5260 S Santa Fe Dr, Littleton, CO","$1,600",https://www.zillow.com/b/woodsprings-suites-littleton-denver-south-littleton-co-9T9zF7/
"The Place at Desert Springs, 4250 E Busby Dr #314, Sierra Vista, AZ 85635",$943/mo,https://www.zillow.com/b/the-place-at-desert-springs-sierra-vista-az-5XhzL8/
"ReNew Miramonte | 2100 Miramonte Ave, San Leandro, CA","$2,930",https://www.zillow.com/b/renew-miramonte-san-leandro-ca-9NS9dF/
"Point of View Apartments | 186 E Future Way, Draper, UT","$1,420",https://www.zillow.com/b/point-of-view-apartments-draper-ut-BrhxNv/
"Wildhorse at Tuscany | 4620 Tuscany St, Evans, CO","$1,550",https://www.zillow.com/b/wildhorse-at-tuscany-evans-co-C3BTvL/
"Baseline Townhomes, 200 W Baseline Rd #215, Lafayette, CO 80026","$2,995/mo",https://www.zillow.com/b/baseline-townhomes-lafayette-co-9T9TTG/
"ICO Vista Station | 13152 S Vista Station Blvd, Draper, UT","$1,369",https://www.zillow.com/b/ico-vista-station-draper-ut-BrhxSc/
"Suburban Extended Stay Hotel Westminster Denver North | 12095 N Mariposa St, Denver, CO","$1,600",https://www.zillow.com/b/suburban-extended-stay-hotel-westminster-denver-north-westminster-co-BntmjF/
"ASPEN VISTA AT ANCHOR POINTE | 548 Aurora View Ct, Reno, NV","$2,575",https://www.zillow.com/b/aspen-vista-at-anchor-pointe-reno-nv-Bfbkbg/
"Village at Pioneer Park | 8405 W Olive Ave, Peoria, AZ","$1,550",https://www.zillow.com/b/village-at-pioneer-park-peoria-az-C3j5Pf/
"Village at the BLVD | 11175 W Roosevelt St, Avondale, AZ","$1,595",https://www.zillow.com/b/village-at-the-blvd-avondale-az-CYJSvh/
"Olivia Apartments | 3400 W Lost Rapids Dr, Meridian, ID","$1,775",https://www.zillow.com/b/olivia-apartments-meridian-id-C4hTJZ/
"Garden Court | 1044 John St, Salinas, CA","$1,982",https://www.zillow.com/b/garden-court-salinas-ca-5XqXT2/
"Encino Regency Towers, 5437 Newcastle Ave APT 104, Encino, CA 91316","$2,750/mo",https://www.zillow.com/b/encino-regency-towers-encino-ca-5XjLcc/
"Golden Nugget Apartments | 291 W Belleview Ave, Englewood, CO","$1,350",https://www.zillow.com/b/golden-nugget-apartments-englewood-co-5Xhvds/
"Hangar at Thunderbird, 15301 N 57th Ave #1007, Glendale, AZ 85306","$1,874/mo",https://www.zillow.com/b/hangar-at-thunderbird-glendale-az-BwTvdJ/
"Pillar at Fountain Hills | 16550 E Avenue Of The Fountains, Fountain Hills, AZ","$2,015",https://www.zillow.com/b/pillar-at-fountain-hills-fountain-hills-az-C4YPz2/
"Hangar at Thunderbird | 15301 N 57th Ave, Glendale, AZ","$1,475",https://www.zillow.com/b/hangar-at-thunderbird-glendale-az-BwTvdJ/
"Oak Hills Apartments | 2201 Oak Hills Cir, Pittsburg, CA","$2,026",https://www.zillow.com/b/oak-hills-apartments-pittsburg-ca-5hFZNw/
"Diamond Hillside, 2205 E Leland Rd, Pittsburg, CA 94565","$1,890",https://www.zillow.com/b/diamond-hillside-pittsburg-ca-5XjRJr/
"Civic Square | 15125 Oak St, Goodyear, AZ","$2,220",https://www.zillow.com/b/civic-square-goodyear-az-C6fdCY/
"Delta View Apartments, 3915 Delta Fair Blvd, Antioch, CA 94509","$1,846",https://www.zillow.com/b/delta-view-apartments-antioch-ca-5XjSXM/
"Parc Tolleson - BRAND NEW | 8727 W McDowell Ave, Tolleson, AZ","$1,495",https://www.zillow.com/b/parc-tolleson-brand-new-tolleson-az-CHF8JJ/
"Harvest at Damonte Ranch | 1851 Steamboat Pkwy, Reno, NV","$1,890",https://www.zillow.com/b/harvest-at-damonte-ranch-reno-nv-9md38h/
"Enova | 16764 E 104th Ave, Commerce City, CO","$1,716",https://www.zillow.com/b/enova-commerce-city-co-C6YZSn/
"Enova, 16764 E 104th Ave #B-111, Commerce City, CO 80022","$2,232/mo",https://www.zillow.com/b/enova-commerce-city-co-C6YZSn/
"Olympus at the Canyons | 5223 W Terrabithia Ln, Herriman, UT","$1,996",https://www.zillow.com/b/olympus-at-the-canyons-herriman-ut-5Y2XwM/
"La Vida at Sienna Hills | 190 N Red Stone Rd, Washington, UT","$1,514",https://www.zillow.com/b/la-vida-at-sienna-hills-washington-ut-BrB5yV/
"Ella 1711 | 1737 6th St, Woodland, CA","$1,675",https://www.zillow.com/b/ella-1711-woodland-ca-5YyBCf/
"The Atrium Westminster, 6980 Stuart St #3-209, Westminster, CO 80030","$1,250/mo",https://www.zillow.com/b/the-atrium-westminster-westminster-co-5XsSFr/
"Fairmont | 575 Matmor Rd, Woodland, CA","$1,695",https://www.zillow.com/b/fairmont-woodland-ca-5XjKLM/
"The Madison Apartments at Canyons | 1250 Sweet Spring Cir, Castle Rock, CO","$1,795",https://www.zillow.com/b/the-madison-apartments-at-canyons-castle-pines-co-C8bVMc/
"Farmington East | 985 W Willow Garden Paseo, Farmington, UT","$1,925",https://www.zillow.com/b/farmington-east-farmington-ut-5XykTX/
"Village at Harvard Crossing | 15550 W Harvard St, Goodyear, AZ","$1,695",https://www.zillow.com/b/village-at-harvard-crossing-goodyear-az-Bg7HrQ/
"The Colony Apartments, 351 N Peart Rd #9-0912, Casa Grande, AZ 85122","$1,529/mo",https://www.zillow.com/b/the-colony-apartments-casa-grande-az-5XqX5w/
"The Colony Apartments | 351 N Peart Rd, Casa Grande, AZ","$1,419",https://www.zillow.com/b/the-colony-apartments-casa-grande-az-5XqX5w/
"The Lakes, 1818 Laguna St, Concord, CA 94520","$2,195",https://www.zillow.com/b/the-lakes-concord-ca-5XjKb3/
"Meadowbrook Apartments, 401 Westacre Rd APT 30, West Sacramento, CA 95691","$1,825/mo",https://www.zillow.com/b/meadowbrook-apartments-west-sacramento-ca-5XkHsy/
"Meadowbrook Apartments | 401 Westacre Rd, West Sacramento, CA","$1,825",https://www.zillow.com/b/meadowbrook-apartments-west-sacramento-ca-5XkHsy/
"Artizan | 219 9th Ave, Oakland, CA","$2,520",https://www.zillow.com/b/artizan-oakland-ca-C46kS5/
"Hanover Broadway | 325 27th St, Oakland, CA","$2,489",https://www.zillow.com/b/hanover-broadway-oakland-ca-BMXb9V/
"The Presidio by Picerne, 4325 W Rome Blvd APT 1056, North Las Vegas, NV 89084","$2,004/mo",https://www.zillow.com/b/the-presidio-by-picerne-north-las-vegas-nv-5XjLXy/
"The Element | 1360 Lakeside Ave, Manteca, CA","$2,205",https://www.zillow.com/b/the-element-manteca-ca-CBcDPv/
"The Retreat, 9230 Kiefer Blvd APT 16, Sacramento, CA 95826","$1,595/mo",https://www.zillow.com/b/the-retreat-sacramento-ca-5ZDS2y/
"NOVEL White Fence Farm by Crescent Communities, 6273 W Jewell Ave #154, Denver, CO 80232","$1,865/mo",https://www.zillow.com/b/novel-white-fence-farm-by-crescent-communities-lakewood-co-CHHsWN/
"The Boardwalk | 521 E 41st St, Garden City, ID","$1,395",https://www.zillow.com/b/the-boardwalk-garden-city-id-CFTSP4/
"Kentwood Apartments | 550 River Glen Dr, Napa, CA","$2,447",https://www.zillow.com/b/kentwood-apartments-napa-ca-5Xk49j/
"Linder Springs Townhomes, 1465 W Deer Crest St, Meridian, ID 83646","$1,999",https://www.zillow.com/b/linder-springs-townhomes-meridian-id-65W4Gt/
"The Bower Gateway | 9318 E Solina Ave, Mesa, AZ","$2,650",https://www.zillow.com/b/the-bower-gateway-mesa-az-C5dWmW/
"Gateway Apartment Homes | 299 N State College Blvd, Orange, CA","$2,425",https://www.zillow.com/b/gateway-apartment-homes-orange-ca-5Xk4dG/
"Hollywood Vista, 1417 N Vista St, Los Angeles, CA 90046","$2,475",https://www.zillow.com/b/hollywood-vista-los-angeles-ca-5XjTyR/
"BB Living at Murphy Creek | 1866 S Flat Rock Way, Aurora, CO","$2,805",https://www.zillow.com/b/bb-living-at-murphy-creek-aurora-co-BwGSjT/
"The Place at Santana Village | 7606 W Peoria Ave, Peoria, AZ","$1,463",https://www.zillow.com/b/the-place-at-santana-village-peoria-az-65bGBg/
"The Tides | 3185 Garrity Way, San Pablo, CA","$2,465",https://www.zillow.com/b/the-tides-richmond-ca-5YDNkY/
"Village at Paseo De Luces | 9802 W Van Buren St, Tolleson, AZ","$1,595",https://www.zillow.com/b/village-at-paseo-de-luces-tolleson-az-CYJvw7/
"Capitol Flats | 950 W Cordova Rd, Santa Fe, NM","$1,705",https://www.zillow.com/b/capitol-flats-santa-fe-nm-C3h2Ls/
"Seaport Homes | 28000 S Western Ave, San Pedro, CA","$2,950",https://www.zillow.com/b/seaport-homes-san-pedro-ca-5XjLY8/
"South Ridge Apartments, 10668 S Monica Ridge Way APT V6, South Jordan, UT 84095","$2,199/mo",https://www.zillow.com/b/south-ridge-apartments-south-jordan-ut-6498Nv/
"Arterra Place Apartments | 17036 E Ohio Dr, Aurora, CO","$1,642",https://www.zillow.com/b/arterra-place-apartments-aurora-co-63ZZhd/
"The Falls at Canyon Rim | 6045 S Ridgeline Dr, Ogden, UT","$1,424",https://www.zillow.com/b/the-falls-at-canyon-rim-south-ogden-ut-5XhyxB/
"Blossoms at Brentwood, 2255 Amber Ln #3239, Brentwood, CA 94513","$2,995/mo",https://www.zillow.com/b/blossoms-at-brentwood-brentwood-ca-9NNJjm/
"Blossoms at Brentwood, 2255 Amber Ln #3241, Brentwood, CA 94513","$2,995/mo",https://www.zillow.com/b/blossoms-at-brentwood-brentwood-ca-9NNJjm/
"Residences at West Haven 62+ community | 1110 Shady Brook Ln S, Ogden, UT",$686,https://www.zillow.com/b/residences-at-west-haven-62%2b-community-west-haven-ut-CHQ5jr/
"Woodland Hills Apartments | 241 W Buchanan Rd, Pittsburg, CA","$2,010",https://www.zillow.com/b/woodland-hills-apartments-pittsburg-ca-5XjVtV/
"Reata Oakbrook Village | 24391 Avenida De La Carlota, Laguna Hills, CA","$2,714",https://www.zillow.com/b/reata-oakbrook-village-laguna-hills-ca-5kJZQ9/
"Modera River North | 2840 Blake St, Denver, CO","$2,481",https://www.zillow.com/b/modera-river-north-denver-co-9LdYjZ/
"Siena Apartments, 1245 W Sonya Ln #1253-203, Santa Maria, CA 93458","$2,007/mo",https://www.zillow.com/b/siena-apartments-santa-maria-ca-63fM9M/
"Siena Apartments, 1245 W Sonya Ln #1271-207, Santa Maria, CA 93458","$2,032/mo",https://www.zillow.com/b/siena-apartments-santa-maria-ca-63fM9M/
"Dana Park Apartments | 1440 S Val Vista Dr, Mesa, AZ","$1,445",https://www.zillow.com/b/dana-park-apartments-mesa-az-5XhyLx/
"Cobble Creek Apartments | 5251 S Cobble Creek Rd, Salt Lake City, UT","$1,315",https://www.zillow.com/b/cobble-creek-apartments-salt-lake-city-ut-5Xhynr/
"The Enclave PD | 35751 Gateway Dr, Palm Desert, CA","$2,450",https://www.zillow.com/b/the-enclave-pd-palm-desert-ca-5XjQCC/
"Upper West | 3283 W Jordan Line Pkwy, West Jordan, UT","$1,587",https://www.zillow.com/b/upper-west-west-jordan-ut-BLdR62/
"Cascade Springs | 2812 W 8580 S, West Jordan, UT","$1,425",https://www.zillow.com/b/cascade-springs-west-jordan-ut-5Xhytp/
"Merced Station, 2890 E Yosemite Ave, Merced, CA 95340","$2,595",https://www.zillow.com/b/merced-station-merced-ca-Bv3v8W/
"Axio 8400 | 32 E Princeton Dr, Sandy, UT","$1,389",https://www.zillow.com/b/axio-8400-sandy-ut-B6ZgM3/
"Trace Townhomes | 3720 Parfet St, Wheat Ridge, CO","$1,885",https://www.zillow.com/b/trace-townhomes-wheat-ridge-co-Bsg4Xj/
"Gateway Crossing, 3580 W Grant Line Rd #523, Tracy, CA 95304","$2,525/mo",https://www.zillow.com/b/gateway-crossing-tracy-ca-9VHKYz/
"Village at Olive Marketplace | 5201 W Olive Ave, Glendale, AZ","$1,650",https://www.zillow.com/b/village-at-olive-marketplace-glendale-az-Bz37bv/
"Chroma Apartments | 1360 Martha St, Littleton, CO","$1,872",https://www.zillow.com/b/chroma-apartments-highlands-ranch-co-BWtCgx/
"Jerome Apartments | 6451 W Bell Rd, Glendale, AZ","$1,135",https://www.zillow.com/b/jerome-apartments-glendale-az-5XhyQm/
"The Silvergate | 1290 Business Center Dr, Brentwood, CA","$2,545",https://www.zillow.com/b/the-silvergate-brentwood-ca-BfHKs8/
"Redwood Place Apartment Homes | 1030 Indian Wells Ave, Sunnyvale, CA","$2,965",https://www.zillow.com/b/redwood-place-apartment-homes-sunnyvale-ca-BsXPrv/
"THE PARC AT PRUNEYARD | 225 Union Ave, Campbell, CA","$2,850",https://www.zillow.com/b/the-parc-at-pruneyard-campbell-ca-5XjVgd/
"59 Evergreen | 8450 N 59th Ave, Glendale, AZ","$1,655",https://www.zillow.com/b/59-evergreen-glendale-az-C9r4cQ/
"The District Apartments | 8727 Fletcher Pkwy, La Mesa, CA","$2,496",https://www.zillow.com/b/the-district-apartments-la-mesa-ca-5XjMrz/
"Retreat at South Haven Farms | 1347 S 50 E, Payson, UT","$1,250",https://www.zillow.com/b/retreat-at-south-haven-farms-payson-ut-C5xYtR/
"CHATEAU PARK CASINO ROYALE V, LLC | 232 W Olive St, Inglewood, CA","$1,795","https://www.zillow.com/b/chateau-park-casino-royale-v,-llc-inglewood-ca-9V2sCd/"
"Michael Place Apartments | 400 N 19th Ave, Brighton, CO","$1,450",https://www.zillow.com/b/michael-place-apartments-brighton-co-5Xhvjp/
"The Grant | 1776 Grant St, Concord, CA","$2,772",https://www.zillow.com/b/the-grant-concord-ca-Brkdjs/
"Canyon Vista | 12558 S Pony Express Rd, Draper, UT","$1,405",https://www.zillow.com/b/canyon-vista-draper-ut-C3vbpH/
"Olympus de Santa Fe | 955 Richards Ave, Santa Fe, NM","$1,862",https://www.zillow.com/b/olympus-de-santa-fe-santa-fe-nm-C2kKvP/
"Wescove Apartments | 801 Wescove Pl, West Covina, CA","$2,795",https://www.zillow.com/b/wescove-apartments-west-covina-ca-9MfYFk/
"The Meritage | 55 Valle Vista Ave, Vallejo, CA","$1,870",https://www.zillow.com/b/the-meritage-vallejo-ca-5XjT4z/
"Aspire | 5850 Central Ave, Westminster, CO","$1,630",https://www.zillow.com/b/aspire-westminster-co-BW74sh/
"TENTEN Downtown: 10 Weeks Free + $1,000 Back* | 1027 Wilshire Blvd, Los Angeles, CA","$2,950","https://www.zillow.com/b/tenten-downtown%3a-10-weeks-free-%2b-%241,000-back*-los-angeles-ca-9ML7Gf/"
"Isles, 2000 Rydal Cir #59, Roseville, CA 95747","$2,995/mo",https://www.zillow.com/b/isles-roseville-ca-C5x9MV/
"The Benson | 850 N Benson Ave, Upland, CA","$2,125",https://www.zillow.com/b/the-benson-upland-ca-5XjSMp/
"2300 West | 2300 Harvard Way, Reno, NV","$1,303",https://www.zillow.com/b/2300-west-reno-nv-5Xk42X/
"Millpond | 79 N 1020th St W, American Fork, UT","$1,400",https://www.zillow.com/b/millpond-american-fork-ut-BrPzGp/
"AMLI RidgeGate | 10020 Trainstation Cir, Lone Tree, CO","$1,896",https://www.zillow.com/b/amli-ridgegate-lone-tree-co-5Xt8wD/
"Solaire Apartment Homes | 1287 S 8th Ave, Brighton, CO","$1,506",https://www.zillow.com/b/solaire-apartment-homes-brighton-co-5Zgs7D/
"Indigo Apartments-Lewis Management Corp | 11165 Veterans Pkwy, Reno, NV","$1,631",https://www.zillow.com/b/indigo-apartments-lewis-management-corp-reno-nv-BvYDNk/
"Blossoms at Brentwood | 2255 Amber Ln, Brentwood, CA","$2,525",https://www.zillow.com/b/blossoms-at-brentwood-brentwood-ca-9NNJjm/
"Blossoms at Brentwood, 2255 Amber Ln #3141, Brentwood, CA 94513","$2,995/mo",https://www.zillow.com/b/blossoms-at-brentwood-brentwood-ca-9NNJjm/
"Hacienda Apartments | 2666 Cottage Way, Sacramento, CA","$1,545",https://www.zillow.com/b/hacienda-apartments-sacramento-ca-5Xk5hK/
"Residence at South Haven Farms | 1461 E 50 S, Payson, UT","$1,325",https://www.zillow.com/b/residence-at-south-haven-farms-payson-ut-C57zh2/
"El Camino - Brentwood Apartments | 2823-2831 El Camino Ave, Sacramento, CA","$1,150",https://www.zillow.com/b/el-camino-brentwood-apartments-sacramento-ca-C84xbY/
"Vernola Marketplace | BRAND-NEW LUXURY APARTMENTS | 6770 Pats Ranch Rd, Mira Loma, CA","$2,530",https://www.zillow.com/b/vernola-marketplace-%7c-brand-new-luxury-apartments-jurupa-valley-ca-C23bSx/
"Vernola Marketplace | BRAND-NEW LUXURY APARTMENTS, 6770 Pats Ranch Rd #6201, Mira Loma, CA 91752","$2,890/mo",https://www.zillow.com/b/vernola-marketplace-%7c-brand-new-luxury-apartments-jurupa-valley-ca-C23bSx/
"Alvera at The Meadows | 688 W Nicholes Ln, American Fork, UT","$1,350",https://www.zillow.com/b/alvera-at-the-meadows-american-fork-ut-BsTmMt/
"Dovetail Apartments | 1350 N Webb Way, Meridian, ID","$1,384",https://www.zillow.com/b/dovetail-apartments-meridian-id-C9qjkM/
"Parq at Camino | 4555 Camino Al Norte, North Las Vegas, NV","$1,350",https://www.zillow.com/b/parq-at-camino-north-las-vegas-nv-CG94gK/
"Vintage Faire | 11070 Hirschfeld Way, Rancho Cordova, CA","$1,625",https://www.zillow.com/b/vintage-faire-rancho-cordova-ca-5Xk3Vq/
"The Retreat Luxury Apartments & Townhomes | 1100 Solitude Trl, Reno, NV","$1,699",https://www.zillow.com/b/the-retreat-luxury-apartments-%26-townhomes-reno-nv-C7zYrY/
"The Highlands at Grand Terrace | 11750 Mount Vernon Ave, Grand Terrace, CA","$2,002",https://www.zillow.com/b/the-highlands-at-grand-terrace-grand-terrace-ca-5XkKXr/
"Regalia Crest | 3536 Watt Ave, Sacramento, CA","$1,350",https://www.zillow.com/b/regalia-crest-sacramento-ca-5Xk3Gb/
"Caliber at Hyland Village | 5403 W 96th Ave, Broomfield, CO","$2,369",https://www.zillow.com/b/caliber-at-hyland-village-westminster-co-BK7kWP/
"VIDA at Daybreak | 11400 S Grandville Ln, South Jordan, UT","$1,298",https://www.zillow.com/b/vida-at-daybreak-south-jordan-ut-BsQp2h/
"Reserve at Arrowhead | 7701 W Saint John Rd, Glendale, AZ","$1,350",https://www.zillow.com/b/reserve-at-arrowhead-glendale-az-5XhyJL/
"Hadley | 501 E 102nd Ave, Thornton, CO","$1,530",https://www.zillow.com/b/hadley-thornton-co-5Z8dDv/
"JosephineDTLA | 801 S Hope St, Los Angeles, CA","$2,749",https://www.zillow.com/b/josephinedtla-los-angeles-ca-5Yy5r2/
"Courtyard at Artisan Square | 1503 Fulton Ave, Sacramento, CA","$1,545",https://www.zillow.com/b/courtyard-at-artisan-square-sacramento-ca-5XjThw/
"Newport Apartments, 575 W Hacienda Ave, Campbell, CA 95008","$2,695",https://www.zillow.com/b/newport-apartments-campbell-ca-5XjLjQ/
"Vanowen 48 | 11848 Vanowen St, North Hollywood, CA","$2,765",https://www.zillow.com/b/vanowen-48-north-hollywood-ca-9MbTSn/
"Raincross Promenade | 3250 Market St, Riverside, CA","$2,495",https://www.zillow.com/b/raincross-promenade-riverside-ca-5Xyn3Y/
"The Mason Flats, 1605 Lexington Ln #1208, Pleasanton, CA 94566","$2,922/mo",https://www.zillow.com/b/the-mason-flats-pleasanton-ca-9mgRFT/
"Aria | 1200 W 1700 S, Syracuse, UT","$1,435",https://www.zillow.com/b/aria-syracuse-ut-CXGFpc/
"Heritage Oaks | 4033 McClain Way, Carmichael, CA","$1,625",https://www.zillow.com/b/heritage-oaks-carmichael-ca-5XjLcK/
"Sedona Peaks | 12721 W Buckeye Rd, Avondale, AZ","$1,960",https://www.zillow.com/b/sedona-peaks-avondale-az-5XjqBJ/
"Fulton Woods | 1000 Fulton Ave, Sacramento, CA","$1,475",https://www.zillow.com/b/fulton-woods-sacramento-ca-5Xj9GV/
"The Marion | 2228 Edison Ave, Sacramento, CA","$1,499",https://www.zillow.com/b/the-marion-sacramento-ca-5Xxd5X/
"The Oasis at Belmont Square | 2020 Jerry Murphy Rd, Pueblo, CO","$1,025",https://www.zillow.com/b/the-oasis-at-belmont-square-pueblo-co-5XhvWN/
"Camden Landmark | 950 N Duesenberg Dr, Ontario, CA","$2,339",https://www.zillow.com/b/camden-landmark-ontario-ca-5XjQRt/
"Sycamore Park Apartments | 1221 N Vineyard Ave, Ontario, CA","$2,300",https://www.zillow.com/b/sycamore-park-apartments-ontario-ca-5XjV5P/
"Black Cat Apts LLC | 6580 Crafted Ln, Meridian, ID","$1,695",https://www.zillow.com/b/black-cat-apts-llc-meridian-id-CF6hP4/
"Ironhorse Apartments | 1600 Iron Horse Dr, Longmont, CO","$1,729",https://www.zillow.com/b/ironhorse-apartments-longmont-co-63f2JN/
"Zinc | 2005 N 103rd Ave, Avondale, AZ","$1,510",https://www.zillow.com/b/zinc-avondale-az-9TkLKT/
"Grayson Apartments | 10055 Terra Loma Dr, Rancho Cordova, CA","$1,495",https://www.zillow.com/b/grayson-apartments-rancho-cordova-ca-5XjB3k/
"Maple at Starling Place, 642 Maple Ct #146, San Jacinto, CA 92582","$2,950/mo",https://www.zillow.com/b/maple-at-starling-place-san-jacinto-ca-CHyPTh/
"Amelia | 3065 Village At The Park Dr, Camarillo, CA","$2,757",https://www.zillow.com/b/amelia-camarillo-ca-CGKn9J/
"Copper Point | 1111 E Brown Rd, Mesa, AZ","$1,718",https://www.zillow.com/b/copper-point-mesa-az-5XhyKh/
"Casa Sole Vita Townhomes | 529 S Hawes Rd, Mesa, AZ","$2,245",https://www.zillow.com/b/casa-sole-vita-townhomes-mesa-az-9Tb7x9/
"Pico Primo | 5550 W Pico Blvd, Los Angeles, CA","$2,677",https://www.zillow.com/b/pico-primo-los-angeles-ca-9TydXb/
"Canvas LA | 138 N Beaudry Ave, Los Angeles, CA","$2,773",https://www.zillow.com/b/canvas-la-los-angeles-ca-5XkJnK/
"Hart Apartments | 157 S 275 E, Clearfield, UT","$1,459",https://www.zillow.com/b/hart-apartments-clearfield-ut-C8kqzf/
"Townes at Peace Way | 10132 Serenity Star Way, Las Vegas, NV","$2,595",https://www.zillow.com/b/townes-at-peace-way-las-vegas-nv-C5sykR/
"Keller at Town Square | 150 E Warner Rd, Gilbert, AZ","$1,820",https://www.zillow.com/b/keller-at-town-square-gilbert-az-BGywcN/
"The Aston at University Place | 730 E 950 S, Orem, UT","$1,299",https://www.zillow.com/b/the-aston-at-university-place-orem-ut-65cbPq/
"Shoreline, 1801 Shoreline Dr, Alameda, CA 94501","$2,695",https://www.zillow.com/b/shoreline-alameda-ca-5XjPbq/
"Alta Sloans Lake | 1605 Sheridan Blvd, Denver, CO","$1,889",https://www.zillow.com/b/alta-sloans-lake-lakewood-co-9LdrMx/
"17th & Broadway | 447 17th St, Oakland, CA","$2,710",https://www.zillow.com/b/17th-%26-broadway-oakland-ca-BPLsFL/
"Brookwood | 18537 E Arrow Hwy, Covina, CA","$2,095",https://www.zillow.com/b/brookwood-covina-ca-5XjSqS/
"West Hollywood Ritz | 1616 N Poinsettia Pl, Los Angeles, CA","$2,395",https://www.zillow.com/b/west-hollywood-ritz-los-angeles-ca-5XjW2m/
"The Vistas at Villa Bella | 2195 Alamosa Dr, Pueblo, CO","$1,699",https://www.zillow.com/b/the-vistas-at-villa-bella-pueblo-co-C43RYg/
"Christine Place Apartments | 600 N 19th Ave, Brighton, CO","$1,600",https://www.zillow.com/b/christine-place-apartments-brighton-co-BWNqyL/
"Marconi Meadows | 4730 Marconi Ave, Carmichael, CA","$1,625",https://www.zillow.com/b/marconi-meadows-carmichael-ca-5XjTNV/
"Avari Modern Apartments | 11580 W Corporate Dr, Avondale, AZ","$1,499",https://www.zillow.com/b/avari-modern-apartments-avondale-az-C7wbd3/
"The Carla | 1201 Fulton Ave, Sacramento, CA","$1,695",https://www.zillow.com/b/the-carla-sacramento-ca-5XkKqX/
"The Landing at Fiesta Village | 1310 W Southern Ave, Mesa, AZ","$1,499",https://www.zillow.com/b/the-landing-at-fiesta-village-mesa-az-C7JYWc/
"ICO District | 11100 S River Heights Dr, South Jordan, UT","$1,349",https://www.zillow.com/b/ico-district-south-jordan-ut-5Xt96F/
"Bridges on Sunset | 766 Sunset Ave, Suisun City, CA","$2,131",https://www.zillow.com/b/bridges-on-sunset-suisun-city-ca-5XjQXk/
"Selway | 2522 W Selway Rapids Ln, Meridian, ID","$1,350",https://www.zillow.com/b/selway-meridian-id-CJRqmr/
"Ventana Apartments | 110 Dias Cir, Pittsburg, CA","$1,925",https://www.zillow.com/b/ventana-apartments-pittsburg-ca-5hDDX9/
"Superstition Canyon | 1247 S 96th St, Mesa, AZ","$1,449",https://www.zillow.com/b/superstition-canyon-mesa-az-5Xt8Qw/
"The Residences at Escaya, 1925 Avenida Escaya APT 301, Chula Vista, CA 91913","$2,996/mo",https://www.zillow.com/b/the-residences-at-escaya-chula-vista-ca-BPcJrY/
"Villa Risa | 101 Risa Way, Chico, CA","$1,335",https://www.zillow.com/b/villa-risa-chico-ca-5YCBQ2/
"Rancho Vista | 1037 N Archibald Ave, Ontario, CA","$2,810",https://www.zillow.com/b/rancho-vista-ontario-ca-5XjHJQ/
"Creekside Alta Loma | 10757 Lemon Ave, Rancho Cucamonga, CA","$2,320",https://www.zillow.com/b/creekside-alta-loma-alta-loma-ca-5Xpygt/
"Sol38 by Liv | 3875 W Dobbins Rd, Laveen, AZ","$1,524",https://www.zillow.com/b/sol38-by-liv-laveen-az-9TgzKD/
"Chesapeake Bay | 2941 W Lowell Ave, Tracy, CA","$2,395",https://www.zillow.com/b/chesapeake-bay-tracy-ca-5Xk3Nq/
"Shorebird | 1362 S Vineyard, Mesa, AZ","$1,230",https://www.zillow.com/b/shorebird-mesa-az-5Xjq6j/
"Maple Leaf Townhomes | 7010 Simms St, Arvada, CO","$2,318",https://www.zillow.com/b/maple-leaf-townhomes-arvada-co-5Xt93f/
"Wildcat Crossing, 1115 W Sacramento Ave, Chico, CA 95926","$1,470",https://www.zillow.com/b/wildcat-crossing-chico-ca-5Xkfc2/
"Rosewood Village | 1181 Fulton Ave, Sacramento, CA","$1,525",https://www.zillow.com/b/rosewood-village-sacramento-ca-5XjTxr/
"1600 VINE | 1600 N Vine St, Los Angeles, CA","$2,815",https://www.zillow.com/b/1600-vine-los-angeles-ca-5XkJMZ/
"Metro7785 | 77-85 Estabrook St, San Leandro, CA","$2,350",https://www.zillow.com/b/metro7785-san-leandro-ca-BMXGzt/
"TENTEN Wilshire: 10 Weeks Free + $1,000 Back* | 1010 Wilshire Blvd, Los Angeles, CA","$2,950","https://www.zillow.com/b/tenten-wilshire%3a-10-weeks-free-%2b-%241,000-back*-los-angeles-ca-5XjCBD/"
"Fiesta Village Furnished Apts, 960 W Southern Ave, Mesa, AZ 85210","$1,349",https://www.zillow.com/b/fiesta-village-furnished-apts-mesa-az-5XhyQK/
"Centennial at 5th Apartments | 245 E Centennial Pkwy, North Las Vegas, NV","$1,414",https://www.zillow.com/b/centennial-at-5th-apartments-north-las-vegas-nv-5fzfK9/
"San Vicente Townhomes | 1950 W Tierra Buena Ln, Phoenix, AZ","$2,037",https://www.zillow.com/b/san-vicente-townhomes-phoenix-az-BcdRmW/
"Haven 124 | 12255 Claude Ct, Thornton, CO","$1,614",https://www.zillow.com/b/haven-124-northglenn-co-5Z8dDW/
"Chateau Manor, 724 Lewelling Blvd, San Leandro, CA 94579","$2,725",https://www.zillow.com/b/chateau-manor-san-leandro-ca-5XkJdN/
"Arbor Pointe Apartments | 9750 Old Placerville Rd, Sacramento, CA","$1,595",https://www.zillow.com/b/arbor-pointe-apartments-sacramento-ca-5XjSjV/
"Serengeti Springs, 7898 S Serenera Way #260, West Jordan, UT 84081","$1,505/mo",https://www.zillow.com/b/serengeti-springs-west-jordan-ut-5Xt89q/
"Serengeti Springs | 7898 S Serenera Way, West Jordan, UT","$1,555",https://www.zillow.com/b/serengeti-springs-west-jordan-ut-5Xt89q/
"Bel Mark, 1675 Hays St, San Leandro, CA 94577","$2,025",https://www.zillow.com/b/bel-mark-san-leandro-ca-5Xk3NF/
"Village Garden | 712 27th Ave, Greeley, CO","$1,100",https://www.zillow.com/b/village-garden-greeley-co-5XhvtH/
"Pavilions at Arrowhead Apartments | 7400 W Arrowhead Clubhouse Dr, Glendale, AZ","$1,434",https://www.zillow.com/b/pavilions-at-arrowhead-apartments-glendale-az-5XhyTy/
"Parkmerced | 3711 19th Ave, San Francisco, CA","$2,900",https://www.zillow.com/b/parkmerced-san-francisco-ca-5XjKHx/
"Villa Francisca, 930 N Palm Ave #228, West Hollywood, CA 90069","$2,874/mo",https://www.zillow.com/b/villa-francisca-west-hollywood-ca-BNLLL2/
"Christopher Todd Communities At Estrella Commons | 15385 W Fillmore St, Goodyear, AZ","$1,480",https://www.zillow.com/b/christopher-todd-communities-at-estrella-commons-goodyear-az-BbqcS8/
"Amalfi Apartments | 1251 Merry Loop, Milpitas, CA","$2,603",https://www.zillow.com/b/amalfi-apartments-milpitas-ca-65bf7k/
"Forum Fitzsimons | 13650 E Colfax Ave, Aurora, CO","$1,511",https://www.zillow.com/b/forum-fitzsimons-aurora-co-BKzPyH/
"Christopher Todd Communities At Estrella Commons, 15385 W Fillmore St #141, Goodyear, AZ 85338","$1,555/mo",https://www.zillow.com/b/christopher-todd-communities-at-estrella-commons-goodyear-az-BbqcS8/
"Northwood Apartments | 2201 Howe Ave, Sacramento, CA","$1,400",https://www.zillow.com/b/northwood-apartments-sacramento-ca-5XjSBP/
"Village at Fair Oaks | 10741 Fair Oaks Blvd, Fair Oaks, CA","$1,575",https://www.zillow.com/b/village-at-fair-oaks-fair-oaks-ca-5Xk4XL/
"The Residences at Stadium Village | 16485 N Stadium Way, Surprise, AZ","$1,381",https://www.zillow.com/b/the-residences-at-stadium-village-surprise-az-5XhycP/
"Cyrene at Estrella | 15447 W Baden St, Goodyear, AZ","$2,499",https://www.zillow.com/b/cyrene-at-estrella-goodyear-az-C3GgjV/
"Cyrene at Estrella, 15447 W Baden St #18-15405, Goodyear, AZ 85338","$2,790/mo",https://www.zillow.com/b/cyrene-at-estrella-goodyear-az-C3GgjV/
"Westlook Apartments | 4275 W 4th St, Reno, NV","$1,530",https://www.zillow.com/b/westlook-apartments-reno-nv-9TxkJ5/
"Westlook Apartments, 4275 W 4th St #338, Reno, NV 89523","$1,810/mo",https://www.zillow.com/b/westlook-apartments-reno-nv-9TxkJ5/
"Franciscan, 333 Willow St, Alameda, CA 94501","$2,395",https://www.zillow.com/b/franciscan-alameda-ca-5Xk2Jt/
"The Carson Townhomes - New Construction | 1190 S Gilbert Rd, Gilbert, AZ","$2,195",https://www.zillow.com/b/the-carson-townhomes-new-construction-gilbert-az-C7z44v/
"Keystone | 12150 Race St, Thornton, CO","$1,474",https://www.zillow.com/b/keystone-northglenn-co-5ghbMf/
"WATERFRONT AT THE MARINA | 375 Harbour Cove Dr, Sparks, NV","$1,718",https://www.zillow.com/b/waterfront-at-the-marina-sparks-nv-9MJG3r/
"5545 Marconi Ave, 5545 Marconi Ave #220, Carmichael, CA 95608","$1,795/mo",https://www.zillow.com/b/5545-marconi-ave-carmichael-ca-5XjKrr/
"Delano Apartments | 1800 E Covina St, Mesa, AZ","$1,100",https://www.zillow.com/b/delano-apartments-mesa-az-5XhyJZ/
"The Wyatt | 1233 S Gilbert Rd, Gilbert, AZ","$1,596",https://www.zillow.com/b/the-wyatt-gilbert-az-BwLXHf/
"IMT Stevenson Ranch, 25399 The Old Rd APT 14305, Stevenson Ranch, CA 91381","$2,980/mo",https://www.zillow.com/b/imt-stevenson-ranch-stevenson-ranch-ca-5Xr7Ws/
"IMT Stevenson Ranch | 25399 The Old Rd, Stevenson Ranch, CA","$2,275",https://www.zillow.com/b/imt-stevenson-ranch-stevenson-ranch-ca-5Xr7Ws/
"Haven at Towne Center | 17600 N 79th Ave, Glendale, AZ","$1,750",https://www.zillow.com/b/haven-at-towne-center-glendale-az-5XhyGy/
"1724 Highland, 1724 N Highland Ave, Los Angeles, CA 90028","$2,633",https://www.zillow.com/b/1724-highland-los-angeles-ca-5Z7Qg3/
"Alamo Garden | 1501 Alamo Dr, Vacaville, CA","$1,145",https://www.zillow.com/b/alamo-garden-vacaville-ca-5XjTzz/
"Ascent at Cottonwood Creek | 340 E Gordon Ln, Salt Lake City, UT","$1,500",https://www.zillow.com/b/ascent-at-cottonwood-creek-millcreek-ut-9TQ2f8/
"New Californian | 1988 Martin Luther King Jr Way, Berkeley, CA","$2,700",https://www.zillow.com/b/new-californian-berkeley-ca-5XjVpv/
"Maryland West Apartments | 4530 W McLellan Rd, Glendale, AZ","$1,350",https://www.zillow.com/b/maryland-west-apartments-glendale-az-5XhyPt/
"Windmill Cove | 9551 S Brandy Spring Ln, Sandy, UT","$1,750",https://www.zillow.com/b/windmill-cove-sandy-ut-64YFjP/
"Franklin Flats | 3208 W 7th St, Greeley, CO","$1,299",https://www.zillow.com/b/franklin-flats-greeley-co-5XhvVV/
"Paragon Station, 316 W 200 S, Salt Lake City, UT 84101","$2,100",https://www.zillow.com/b/paragon-station-salt-lake-city-ut-9mfp9v/
"Fenix 424 | 424 Callan Ave, San Leandro, CA","$2,150",https://www.zillow.com/b/fenix-424-san-leandro-ca-5XjQ3G/
"Villas at Pony Tracks | 3790 Pony Tracks Dr, Colorado Springs, CO","$1,975",https://www.zillow.com/b/villas-at-pony-tracks-colorado-springs-co-9WHkZ9/
"Wagon Wheel Town Square | 2650 Wagon Wheel Rd, Oxnard, CA","$2,550",https://www.zillow.com/b/wagon-wheel-town-square-oxnard-ca-C3ShzQ/
"Skyline View | 3880 Callan Blvd, South San Francisco, CA","$2,513",https://www.zillow.com/b/skyline-view-south-san-francisco-ca-5XjSqc/
"Bloom at Cherry Creek | 4700 E Kentucky Ave, Denver, CO","$1,640",https://www.zillow.com/b/bloom-at-cherry-creek-denver-co-BfkMgG/
